SEQUENCE_ID,PRIMER_SET_NUMBER,PRIMER_LEFT_SEQUENCE,PRIMER_LEFT_TM,PRIMER_LEFT_GC%,PRIMER_LEFT_SELF_ANY_TH,PRIMER_LEFT_SELF_END_TH,PRIMER_LEFT_HAIRPIN_TH,PRIMER_RIGHT_SEQUENCE,PRIMER_RIGHT_TM,PRIMER_RIGHT_GC%,PRIMER_RIGHT_SELF_ANY_TH,PRIMER_RIGHT_SELF_END_TH,PRIMER_RIGHT_HAIRPIN_TH,PROBE_SEQUENCE,PROBE_TM,PROBE_GC%,PROBE_SELF_ANY_TH,PROBE_SELF_END_TH,PROBE_HAIRPIN_TH,PRODUCT_SIZE
Consensus_sequence,1,GTGAGGAGTCGCGCAAATAC,59.35413233354126,55.0,8.74883535431286,0.0,0.0,GTAATTGAAGAGCCAGGCGG,58.98261314659186,55.0,5.553091806419786,0.0,0.0,GGCAATTCGACCTGGTCAAT,59.45391265553138,50.0,25.960952214414476,19.90710947861345,32.657137562771766,113
Consensus_sequence,2,GTGAGGAGTCGCGCAAATAC,59.35413233354126,55.0,8.74883535431286,0.0,0.0,ACCTTGAACATCTTGCGCAG,59.122929327514214,50.0,11.309560340579424,5.254972733464172,0.0,CCGCCTGGCTCTTCAATTAC,59.888011724504054,55.0,18.37173452955267,0.0,0.0,151
Consensus_sequence,3,GTCCGCACGATTTTCCACAT,59.197505880989866,50.0,0.0,0.0,0.0,GTATTTGCGCGACTCCTCAC,59.35413233354126,55.0,12.097073092971982,0.0,0.0,GGCGTGGATATCTCCGAGAA,59.95608366740021,55.0,16.09558484028679,0.0,45.98774154676863,174
Consensus_sequence,4,CCGCACGATTTTCCACATGA,59.19812758479992,50.0,0.0,0.0,0.0,GTATTTGCGCGACTCCTCAC,59.35413233354126,55.0,12.097073092971982,0.0,0.0,GGCGTGGATATCTCCGAGAA,59.95608366740021,55.0,16.09558484028679,0.0,45.98774154676863,172
Consensus_sequence,5,TCCGCACGATTTTCCACATG,59.19812758479992,50.0,0.0,0.0,0.0,GTATTTGCGCGACTCCTCAC,59.35413233354126,55.0,12.097073092971982,0.0,0.0,GGCGTGGATATCTCCGAGAA,59.95608366740021,55.0,16.09558484028679,0.0,45.98774154676863,173
