SEQUENCE_ID,PRIMER_SET_NUMBER,PRIMER_LEFT_SEQUENCE,PRIMER_LEFT_TM,PRIMER_LEFT_GC%,PRIMER_LEFT_SELF_ANY_TH,PRIMER_LEFT_SELF_END_TH,PRIMER_LEFT_HAIRPIN_TH,PRIMER_RIGHT_SEQUENCE,PRIMER_RIGHT_TM,PRIMER_RIGHT_GC%,PRIMER_RIGHT_SELF_ANY_TH,PRIMER_RIGHT_SELF_END_TH,PRIMER_RIGHT_HAIRPIN_TH,PROBE_SEQUENCE,PROBE_TM,PROBE_GC%,PROBE_SELF_ANY_TH,PROBE_SELF_END_TH,PROBE_HAIRPIN_TH,PRODUCT_SIZE
Consensus_sequence,1,ATCCAAATGAGCCACCGATC,58.02712787560256,50.0,0.0,0.0,0.0,GCAACTGACCTTGGCTTGG,59.337956159418525,57.89473684210526,0.0,0.0,0.0,GTGTTTCATTGGATTCCTATCATTGG,59.73446818908474,38.46153846153846,4.398879003458433,0.0,32.65713756273021,113
Consensus_sequence,2,ATCCAAATGAGCCACCGATC,58.02712787560256,50.0,0.0,0.0,0.0,CAACTGACCTTGGCTTGGG,58.65546534659791,57.89473684210526,1.8599639232337495,0.0,0.0,GTGTTTCATTGGATTCCTATCATTGG,59.73446818908474,38.46153846153846,4.398879003458433,0.0,32.65713756273021,112
Consensus_sequence,3,CCAAATGAGCCACCGATCG,58.98303931750786,57.89473684210526,8.509778910049192,8.509778910049192,0.0,GCAACTGACCTTGGCTTGG,59.337956159418525,57.89473684210526,0.0,0.0,0.0,TGTTTCATTGGATTCCTATCATTGG,58.59559915014762,36.0,4.398879003458433,0.0,32.65713756273021,111
Consensus_sequence,4,CCAAATGAGCCACCGATCG,58.98303931750786,57.89473684210526,8.509778910049192,8.509778910049192,0.0,CAACTGACCTTGGCTTGGG,58.65546534659791,57.89473684210526,1.8599639232337495,0.0,0.0,TGTTTCATTGGATTCCTATCATTGG,58.59559915014762,36.0,4.398879003458433,0.0,32.65713756273021,110
Consensus_sequence,5,AATCCAAATGAGCCACCGATC,58.69865401864905,47.61904761904762,0.0,0.0,0.0,GCAACTGACCTTGGCTTGG,59.337956159418525,57.89473684210526,0.0,0.0,0.0,GTGTTTCATTGGATTCCTATCATTGG,59.73446818908474,38.46153846153846,4.398879003458433,0.0,32.65713756273021,114
Consensus_sequence,6,AATCCAAATGAGCCACCGATC,58.69865401864905,47.61904761904762,0.0,0.0,0.0,CAACTGACCTTGGCTTGGG,58.65546534659791,57.89473684210526,1.8599639232337495,0.0,0.0,GTGTTTCATTGGATTCCTATCATTGG,59.73446818908474,38.46153846153846,4.398879003458433,0.0,32.65713756273021,113
