SEQUENCE_ID,PRIMER_SET_NUMBER,PRIMER_LEFT_SEQUENCE,PRIMER_LEFT_TM,PRIMER_LEFT_GC%,PRIMER_LEFT_SELF_ANY_TH,PRIMER_LEFT_SELF_END_TH,PRIMER_LEFT_HAIRPIN_TH,PRIMER_RIGHT_SEQUENCE,PRIMER_RIGHT_TM,PRIMER_RIGHT_GC%,PRIMER_RIGHT_SELF_ANY_TH,PRIMER_RIGHT_SELF_END_TH,PRIMER_RIGHT_HAIRPIN_TH,PROBE_SEQUENCE,PROBE_TM,PROBE_GC%,PROBE_SELF_ANY_TH,PROBE_SELF_END_TH,PROBE_HAIRPIN_TH,PRODUCT_SIZE
Consensus_sequence,1,CCGATTTTCTAGGCCCTGGT,59.45340173966207,55.0,0.0,0.0,0.0,GTAAAAGGACTTGGCCCGTC,58.83730181949534,55.0,12.556593421323555,12.556593421323555,0.0,AACAGAACGACAATTACGTCAA,57.52201748864536,36.36363636363637,10.20847713860212,0.0,43.714191070933964,158
Consensus_sequence,2,GCCGTCTGAAAACCTTACCG,59.20552732663225,55.0,0.0,0.0,0.0,ACCAGGGCCTAGAAAATCGG,59.45340173966207,55.0,5.283353898600467,2.654936621270622,0.0,GGGCTTACTAGTAAAAGACCCA,58.108061306554816,45.45454545454545,25.166207438155766,3.947959823677479,44.95127690719988,84
Consensus_sequence,3,CGCCGTCTGAAAACCTTACC,59.20552732663225,55.0,0.0,0.0,0.0,ACCAGGGCCTAGAAAATCGG,59.45340173966207,55.0,5.283353898600467,2.654936621270622,0.0,GGGCTTACTAGTAAAAGACCCA,58.108061306554816,45.45454545454545,25.166207438155766,3.947959823677479,44.95127690719988,85
Consensus_sequence,4,ACGGGCCAAGTCCTTTTACA,59.52495602687253,50.0,4.390491314780888,0.0,0.0,TTTGTCGAGCTGCAGGAATG,58.840715211971315,50.0,17.123753491717707,0.0,0.0,TTCAGCTAGGAATTGCTCGT,57.86080397218444,45.0,2.1204760301800434,0.0,38.06667639504474,94
Consensus_sequence,5,CGGGCCAAGTCCTTTTACAA,58.38848120737441,50.0,4.390491314780888,0.0,0.0,TTTGTCGAGCTGCAGGAATG,58.840715211971315,50.0,17.123753491717707,0.0,0.0,TTCAGCTAGGAATTGCTCGT,57.86080397218444,45.0,2.1204760301800434,0.0,38.06667639504474,93
