SEQUENCE_ID,PRIMER_SET_NUMBER,PRIMER_LEFT_SEQUENCE,PRIMER_LEFT_TM,PRIMER_LEFT_GC%,PRIMER_LEFT_SELF_ANY_TH,PRIMER_LEFT_SELF_END_TH,PRIMER_LEFT_HAIRPIN_TH,PRIMER_RIGHT_SEQUENCE,PRIMER_RIGHT_TM,PRIMER_RIGHT_GC%,PRIMER_RIGHT_SELF_ANY_TH,PRIMER_RIGHT_SELF_END_TH,PRIMER_RIGHT_HAIRPIN_TH,PROBE_SEQUENCE,PROBE_TM,PROBE_GC%,PROBE_SELF_ANY_TH,PROBE_SELF_END_TH,PROBE_HAIRPIN_TH,PRODUCT_SIZE
Consensus_sequence,1,ACGTGTAGTTCGGAAAGAGTTC,58.36361890686658,45.45454545454545,0.0,0.0,0.0,GCAAACCGCGAACAAAGAAA,58.44885546381312,45.0,8.234092254820382,0.0,0.0,TTCCAAAGGAAATCGAATTCGA,57.285789634158164,36.36363636363637,31.55321246367157,31.55321246367157,44.6520204533291,96
Consensus_sequence,2,ACGTGTAGTTCGGAAAGAGTT,57.27727228847539,42.857142857142854,0.0,0.0,0.0,GCAAACCGCGAACAAAGAAA,58.44885546381312,45.0,8.234092254820382,0.0,0.0,TTCCAAAGGAAATCGAATTCGA,57.285789634158164,36.36363636363637,31.55321246367157,31.55321246367157,44.6520204533291,96
Consensus_sequence,3,ACGTGTAGTTCGGAAAGAGTTC,58.36361890686658,45.45454545454545,0.0,0.0,0.0,GCAAACCGCGAACAAAGAAAA,59.07877001181271,42.857142857142854,8.234092254820382,0.0,0.0,TTCCAAAGGAAATCGAATTCGA,57.285789634158164,36.36363636363637,31.55321246367157,31.55321246367157,44.6520204533291,96
Consensus_sequence,4,ACGTGTAGTTCGGAAAGAGTT,57.27727228847539,42.857142857142854,0.0,0.0,0.0,GCAAACCGCGAACAAAGAAAA,59.07877001181271,42.857142857142854,8.234092254820382,0.0,0.0,TTCCAAAGGAAATCGAATTCGA,57.285789634158164,36.36363636363637,31.55321246367157,31.55321246367157,44.6520204533291,96
Consensus_sequence,5,TACGTGTAGTTCGGAAAGAGTTC,58.21240188030566,43.47826086956522,0.0,0.0,0.0,GCAAACCGCGAACAAAGAAA,58.44885546381312,45.0,8.234092254820382,0.0,0.0,TTCCAAAGGAAATCGAATTCGA,57.285789634158164,36.36363636363637,31.55321246367157,31.55321246367157,44.6520204533291,97
