SEQUENCE_ID,PRIMER_SET_NUMBER,PRIMER_LEFT_SEQUENCE,PRIMER_LEFT_TM,PRIMER_LEFT_GC%,PRIMER_LEFT_SELF_ANY_TH,PRIMER_LEFT_SELF_END_TH,PRIMER_LEFT_HAIRPIN_TH,PRIMER_RIGHT_SEQUENCE,PRIMER_RIGHT_TM,PRIMER_RIGHT_GC%,PRIMER_RIGHT_SELF_ANY_TH,PRIMER_RIGHT_SELF_END_TH,PRIMER_RIGHT_HAIRPIN_TH,PROBE_SEQUENCE,PROBE_TM,PROBE_GC%,PROBE_SELF_ANY_TH,PROBE_SELF_END_TH,PROBE_HAIRPIN_TH,PRODUCT_SIZE
Consensus_sequence,1,TGCGAGTTGGTTTTACTGCC,59.051321999657546,50.0,0.0,0.0,0.0,TGTGCTAAGGGTGGGTTGAT,58.92773441326045,50.0,0.0,0.0,0.0,TAGGAAGAATGCCGTCTGCT,59.73480366694332,50.0,0.0,0.0,42.0995369549492,173
Consensus_sequence,2,CTATTCATCGGTCCGCTCCT,59.037511251219655,55.0,6.340574961062941,0.0,0.0,GGCGGTAAGGGTGCTAAAAG,58.90765212196919,55.0,0.0,0.0,0.0,CAGAGTTGGATACCAATTTGGCT,59.92216443045788,43.47826086956522,16.08269842076487,3.700490816451236,46.60643171461476,100
Consensus_sequence,3,CTCCTATTCATCGGTCCGCT,59.037511251219655,55.0,6.340574961062941,0.0,0.0,GGCGGTAAGGGTGCTAAAAG,58.90765212196919,55.0,0.0,0.0,0.0,CAGAGTTGGATACCAATTTGGCT,59.92216443045788,43.47826086956522,16.08269842076487,3.700490816451236,46.60643171461476,103
Consensus_sequence,4,TCCTATTCATCGGTCCGCTC,59.040446709954665,55.0,6.340574961062941,0.0,0.0,GGCGGTAAGGGTGCTAAAAG,58.90765212196919,55.0,0.0,0.0,0.0,CAGAGTTGGATACCAATTTGGCT,59.92216443045788,43.47826086956522,16.08269842076487,3.700490816451236,46.60643171461476,102
Consensus_sequence,5,TCTCCTATTCATCGGTCCGC,59.040446709954665,55.0,6.340574961062941,0.0,0.0,GGCGGTAAGGGTGCTAAAAG,58.90765212196919,55.0,0.0,0.0,0.0,TCCTACCTTTCCAGAGTTGG,57.089614057251765,50.0,0.0,0.0,46.78350927365858,104
