SEQUENCE_ID,PRIMER_SET_NUMBER,PRIMER_LEFT_SEQUENCE,PRIMER_LEFT_TM,PRIMER_LEFT_GC%,PRIMER_LEFT_SELF_ANY_TH,PRIMER_LEFT_SELF_END_TH,PRIMER_LEFT_HAIRPIN_TH,PRIMER_RIGHT_SEQUENCE,PRIMER_RIGHT_TM,PRIMER_RIGHT_GC%,PRIMER_RIGHT_SELF_ANY_TH,PRIMER_RIGHT_SELF_END_TH,PRIMER_RIGHT_HAIRPIN_TH,PROBE_SEQUENCE,PROBE_TM,PROBE_GC%,PROBE_SELF_ANY_TH,PROBE_SELF_END_TH,PROBE_HAIRPIN_TH,PRODUCT_SIZE
Consensus_sequence,1,CGGGCAAAACAGTACAACCA,58.97418804341396,50.0,0.0,0.0,0.0,GTCTCGTTGGGAGGAACGTG,60.66657713440145,60.0,0.0,0.0,46.96003554920725,CGGTCGTCTGCCCCGAAAGC,60.38293508194016,70.0,0.0,0.0,40.73708393787547,78
Consensus_sequence,2,GGGCAAAACAGTACAACCACC,59.93202565909263,52.38095238095238,0.0,0.0,0.0,GTCTCGTTGGGAGGAACGTG,60.66657713440145,60.0,0.0,0.0,46.96003554920725,CGGTCGTCTGCCCCGAAAGC,60.38293508194016,70.0,0.0,0.0,40.73708393787547,77
Consensus_sequence,3,CGGGCAAAACAGTACAACCAC,60.26884508193166,52.38095238095238,0.0,0.0,0.0,GTCTCGTTGGGAGGAACGTG,60.66657713440145,60.0,0.0,0.0,46.96003554920725,CGGTCGTCTGCCCCGAAAGC,60.38293508194016,70.0,0.0,0.0,40.73708393787547,78
Consensus_sequence,4,GGCAAAACAGTACAACCACCA,59.24807582047731,47.61904761904762,0.0,0.0,0.0,GTCTCGTTGGGAGGAACGTG,60.66657713440145,60.0,0.0,0.0,46.96003554920725,CGGTCGTCTGCCCCGAAAGC,60.38293508194016,70.0,0.0,0.0,40.73708393787547,76
Consensus_sequence,5,ACCAACATGGACACCACGC,60.896659679245886,57.89473684210526,2.854748198956088,0.0,40.958154575476385,GTCTCGTTGGGAGGAACGTG,60.66657713440145,60.0,0.0,0.0,46.96003554920725,CGGTCGTCTGCCCCGAAAGC,60.38293508194016,70.0,0.0,0.0,40.73708393787547,199
Consensus_sequence,6,CACCAACATGGACACCACG,59.051491726789095,57.89473684210526,2.854748198956088,0.0,40.958154575476385,GTCTCGTTGGGAGGAACGTG,60.66657713440145,60.0,0.0,0.0,46.96003554920725,CGGTCGTCTGCCCCGAAAGC,60.38293508194016,70.0,0.0,0.0,40.73708393787547,200
Consensus_sequence,7,CGGGCAAAACAGTACAACCA,58.97418804341396,50.0,0.0,0.0,0.0,TCTCGTTGGGAGGAACGTG,59.336260658977096,57.89473684210526,0.0,0.0,46.96003554920725,CGGTCGTCTGCCCCGAAAGC,60.38293508194016,70.0,0.0,0.0,40.73708393787547,77
Consensus_sequence,8,CGGGCAAAACAGTACAACCA,58.97418804341396,50.0,0.0,0.0,0.0,GTCTCGTTGGGAGGAACGT,59.33569397981012,57.89473684210526,0.0,0.0,46.96003554920725,CGGTCGTCTGCCCCGAAAGC,60.38293508194016,70.0,0.0,0.0,40.73708393787547,78
